gbifID	datasetKey	occurrenceID	kingdom	phylum	class	order	family	genus	species	infraspecificEpithet	taxonRank	scientificName	verbatimScientificName	verbatimScientificNameAuthorship	countryCode	locality	stateProvince	occurrenceStatus	individualCount	publishingOrgKey	decimalLatitude	decimalLongitude	coordinateUncertaintyInMeters	coordinatePrecision	elevation	elevationAccuracy	depth	depthAccuracy	eventDate	day	month	year	taxonKey	speciesKey	basisOfRecord	institutionCode	collectionCode	catalogNumber	recordNumber	identifiedBy	dateIdentified	license	rightsHolder	recordedBy	typeStatus	establishmentMeans	lastInterpreted	mediaType	issue
3263292207	4fa7b334-ce0d-4e88-aaae-2e0c138d049e	URN:catalog:CLO:EBIRD:OBS948517467	Animalia	Chordata	Aves	Passeriformes	Acrocephalidae	Acrocephalus	Acrocephalus schoenobaenus		SPECIES	Acrocephalus schoenobaenus (Linnaeus, 1758)	Acrocephalus schoenobaenus		US	Gambell (general area)	Alaska	PRESENT	1	e2e717bf-551a-4917-bdc9-4fa0f342c530	63.7793	-171.72145							2007-09-30T00:00:00	30	9	2007	2493129	2493129	HUMAN_OBSERVATION	CLO	EBIRD	OBS948517467				CC_BY_4_0		obsr25766			2021-09-25T20:17:28.379Z		
3249413077	4fa7b334-ce0d-4e88-aaae-2e0c138d049e	URN:catalog:CLO:EBIRD:OBS948514590	Animalia	Chordata	Aves	Passeriformes	Acrocephalidae	Iduna	Iduna aedon		SPECIES	Arundinax aedon (Pallas, 1776)	Arundinax aedon		US	Gambell (general area)	Alaska	PRESENT	1	e2e717bf-551a-4917-bdc9-4fa0f342c530	63.7793	-171.72145							2017-09-12T00:00:00	12	9	2017	9793968	6101024	HUMAN_OBSERVATION	CLO	EBIRD	OBS948514590				CC_BY_4_0		obsr25766			2021-09-25T20:14:12.025Z		
3246878292	4fa7b334-ce0d-4e88-aaae-2e0c138d049e	URN:catalog:CLO:EBIRD:OBS948512061	Animalia	Chordata	Aves	Passeriformes	Acrocephalidae	Acrocephalus	Acrocephalus schoenobaenus		SPECIES	Acrocephalus schoenobaenus (Linnaeus, 1758)	Acrocephalus schoenobaenus		US	Gambell (general area)	Alaska	PRESENT	1	e2e717bf-551a-4917-bdc9-4fa0f342c530	63.7793	-171.72145							2018-10-04T00:00:00	4	10	2018	2493129	2493129	HUMAN_OBSERVATION	CLO	EBIRD	OBS948512061				CC_BY_4_0		obsr25766			2021-09-25T20:02:26.946Z		
3182957178	4fa7b334-ce0d-4e88-aaae-2e0c138d049e	URN:catalog:CLO:EBIRD:OBS948514750	Animalia	Chordata	Aves	Passeriformes	Acrocephalidae	Iduna	Iduna aedon		SPECIES	Arundinax aedon (Pallas, 1776)	Arundinax aedon		US	Gambell (general area)	Alaska	PRESENT	1	e2e717bf-551a-4917-bdc9-4fa0f342c530	63.7793	-171.72145							2017-09-09T00:00:00	9	9	2017	9793968	6101024	HUMAN_OBSERVATION	CLO	EBIRD	OBS948514750				CC_BY_4_0		obsr25766			2021-09-25T18:51:51.109Z		
3182420439	4fa7b334-ce0d-4e88-aaae-2e0c138d049e	URN:catalog:CLO:EBIRD:OBS948514527	Animalia	Chordata	Aves	Passeriformes	Acrocephalidae	Iduna	Iduna aedon		SPECIES	Arundinax aedon (Pallas, 1776)	Arundinax aedon		US	Gambell (general area)	Alaska	PRESENT	1	e2e717bf-551a-4917-bdc9-4fa0f342c530	63.7793	-171.72145							2017-09-13T00:00:00	13	9	2017	9793968	6101024	HUMAN_OBSERVATION	CLO	EBIRD	OBS948514527				CC_BY_4_0		obsr25766			2021-09-25T18:57:57.078Z		
3178274413	4fa7b334-ce0d-4e88-aaae-2e0c138d049e	URN:catalog:CLO:EBIRD:OBS948514724	Animalia	Chordata	Aves	Passeriformes	Acrocephalidae	Iduna	Iduna aedon		SPECIES	Arundinax aedon (Pallas, 1776)	Arundinax aedon		US	Gambell (general area)	Alaska	PRESENT	1	e2e717bf-551a-4917-bdc9-4fa0f342c530	63.7793	-171.72145							2017-09-10T00:00:00	10	9	2017	9793968	6101024	HUMAN_OBSERVATION	CLO	EBIRD	OBS948514724				CC_BY_4_0		obsr25766			2021-09-25T19:01:25.445Z		
3166379427	4fa7b334-ce0d-4e88-aaae-2e0c138d049e	URN:catalog:CLO:EBIRD:OBS948514821	Animalia	Chordata	Aves	Passeriformes	Acrocephalidae	Iduna	Iduna aedon		SPECIES	Arundinax aedon (Pallas, 1776)	Arundinax aedon		US	Gambell (general area)	Alaska	PRESENT	1	e2e717bf-551a-4917-bdc9-4fa0f342c530	63.7793	-171.72145							2017-09-08T00:00:00	8	9	2017	9793968	6101024	HUMAN_OBSERVATION	CLO	EBIRD	OBS948514821				CC_BY_4_0		obsr25766			2021-09-25T18:52:50.961Z		
3165009369	4fa7b334-ce0d-4e88-aaae-2e0c138d049e	URN:catalog:CLO:EBIRD:OBS948514702	Animalia	Chordata	Aves	Passeriformes	Acrocephalidae	Iduna	Iduna aedon		SPECIES	Arundinax aedon (Pallas, 1776)	Arundinax aedon		US	Gambell (general area)	Alaska	PRESENT	1	e2e717bf-551a-4917-bdc9-4fa0f342c530	63.7793	-171.72145							2017-09-11T00:00:00	11	9	2017	9793968	6101024	HUMAN_OBSERVATION	CLO	EBIRD	OBS948514702				CC_BY_4_0		obsr25766			2021-09-25T18:52:41.102Z		
2798053134	4fa7b334-ce0d-4e88-aaae-2e0c138d049e	URN:catalog:CLO:EBIRD:OBS886365730	Animalia	Chordata	Aves	Passeriformes	Acrocephalidae	Acrocephalus	Acrocephalus dumetorum		SPECIES	Acrocephalus dumetorum Blyth, 1849	Acrocephalus dumetorum		US	Gambell (general area)	Alaska	PRESENT	1	e2e717bf-551a-4917-bdc9-4fa0f342c530	63.7793	-171.72145							2010-09-09T00:00:00	9	9	2010	2493145	2493145	HUMAN_OBSERVATION	CLO	EBIRD	OBS886365730				CC_BY_4_0		obsr183223			2021-09-25T20:12:17.322Z		
2774109721	4fa7b334-ce0d-4e88-aaae-2e0c138d049e	URN:catalog:CLO:EBIRD:OBS784870750	Animalia	Chordata	Aves	Passeriformes	Acrocephalidae	Iduna	Iduna aedon		SPECIES	Arundinax aedon (Pallas, 1776)	Arundinax aedon		US	Gambell (general area)	Alaska	PRESENT	1	e2e717bf-551a-4917-bdc9-4fa0f342c530	63.7793	-171.72145							2017-09-08T00:00:00	8	9	2017	9793968	6101024	HUMAN_OBSERVATION	CLO	EBIRD	OBS784870750				CC_BY_4_0		obsr163789			2021-09-25T18:43:23.091Z		
2737659609	4fa7b334-ce0d-4e88-aaae-2e0c138d049e	URN:catalog:CLO:EBIRD:OBS719743548	Animalia	Chordata	Aves	Passeriformes	Acrocephalidae	Acrocephalus	Acrocephalus familiaris		SPECIES	Acrocephalus familiaris (Rothschild, 1892)	Acrocephalus familiaris		US	Nihoa	Hawaii	PRESENT		e2e717bf-551a-4917-bdc9-4fa0f342c530	23.060604	-161.92184							2010-09-23T00:00:00	23	9	2010	5231335	5231335	HUMAN_OBSERVATION	CLO	EBIRD	OBS719743548				CC_BY_4_0		obsr645052			2021-09-25T18:40:36.898Z		
2729691830	4fa7b334-ce0d-4e88-aaae-2e0c138d049e	URN:catalog:CLO:EBIRD:OBS720528113	Animalia	Chordata	Aves	Passeriformes	Acrocephalidae	Acrocephalus	Acrocephalus familiaris		SPECIES	Acrocephalus familiaris (Rothschild, 1892)	Acrocephalus familiaris		US	Voyage: 15 miles WNW Kauai to Nihoa	Hawaii	PRESENT		e2e717bf-551a-4917-bdc9-4fa0f342c530	22.536448	-160.98769							2011-09-04T00:00:00	4	9	2011	5231335	5231335	HUMAN_OBSERVATION	CLO	EBIRD	OBS720528113				CC_BY_4_0		obsr645052			2021-09-25T20:13:23.680Z		
2719456856	4fa7b334-ce0d-4e88-aaae-2e0c138d049e	URN:catalog:CLO:EBIRD:OBS837788896	Animalia	Chordata	Aves	Passeriformes	Acrocephalidae	Acrocephalus	Acrocephalus familiaris		SPECIES	Acrocephalus familiaris (Rothschild, 1892)	Acrocephalus familiaris		US	US-HI-Laysan Island (25.7700,-171.7270)	Midway Islands	PRESENT	1	e2e717bf-551a-4917-bdc9-4fa0f342c530	25.769955	-171.727							2019-08-27T00:00:00	27	8	2019	5231335	5231335	HUMAN_OBSERVATION	CLO	EBIRD	OBS837788896				CC_BY_4_0		obsr1498686			2021-09-25T18:45:04.395Z		COUNTRY_DERIVED_FROM_COORDINATES
2687656618	4fa7b334-ce0d-4e88-aaae-2e0c138d049e	URN:catalog:CLO:EBIRD:OBS784871051	Animalia	Chordata	Aves	Passeriformes	Acrocephalidae	Iduna	Iduna aedon		SPECIES	Arundinax aedon (Pallas, 1776)	Arundinax aedon		US	Gambell (general area)	Alaska	PRESENT	1	e2e717bf-551a-4917-bdc9-4fa0f342c530	63.7793	-171.72145							2017-09-09T00:00:00	9	9	2017	9793968	6101024	HUMAN_OBSERVATION	CLO	EBIRD	OBS784871051				CC_BY_4_0		obsr163789			2021-09-25T18:40:23.287Z		
2660697426	4fa7b334-ce0d-4e88-aaae-2e0c138d049e	URN:catalog:CLO:EBIRD:OBS719759899	Animalia	Chordata	Aves	Passeriformes	Acrocephalidae	Acrocephalus	Acrocephalus familiaris		SPECIES	Acrocephalus familiaris (Rothschild, 1892)	Acrocephalus familiaris		US	Laysan Island	Midway Islands	PRESENT	24	e2e717bf-551a-4917-bdc9-4fa0f342c530	25.77315	-171.73767							2011-09-10T00:00:00	10	9	2011	5231335	5231335	HUMAN_OBSERVATION	CLO	EBIRD	OBS719759899				CC_BY_4_0		obsr645052			2021-09-25T18:42:02.724Z		COUNTRY_DERIVED_FROM_COORDINATES
2660424303	4fa7b334-ce0d-4e88-aaae-2e0c138d049e	URN:catalog:CLO:EBIRD:OBS719743528	Animalia	Chordata	Aves	Passeriformes	Acrocephalidae	Acrocephalus	Acrocephalus familiaris		SPECIES	Acrocephalus familiaris (Rothschild, 1892)	Acrocephalus familiaris		US	Nihoa	Hawaii	PRESENT		e2e717bf-551a-4917-bdc9-4fa0f342c530	23.060604	-161.92184							2010-09-22T00:00:00	22	9	2010	5231335	5231335	HUMAN_OBSERVATION	CLO	EBIRD	OBS719743528				CC_BY_4_0		obsr645052			2021-09-25T18:38:16.808Z		
2659696342	4fa7b334-ce0d-4e88-aaae-2e0c138d049e	URN:catalog:CLO:EBIRD:OBS719743510	Animalia	Chordata	Aves	Passeriformes	Acrocephalidae	Acrocephalus	Acrocephalus familiaris		SPECIES	Acrocephalus familiaris (Rothschild, 1892)	Acrocephalus familiaris		US	Nihoa	Hawaii	PRESENT		e2e717bf-551a-4917-bdc9-4fa0f342c530	23.060604	-161.92184							2010-09-21T00:00:00	21	9	2010	5231335	5231335	HUMAN_OBSERVATION	CLO	EBIRD	OBS719743510				CC_BY_4_0		obsr645052			2021-09-25T18:35:13.999Z		
2208100445	4fa7b334-ce0d-4e88-aaae-2e0c138d049e	URN:catalog:CLO:EBIRD:OBS664615708	Animalia	Chordata	Aves	Passeriformes	Acrocephalidae	Acrocephalus	Acrocephalus familiaris		SPECIES	Acrocephalus familiaris (Rothschild, 1892)	Acrocephalus familiaris		US	Shade house naupaka	Midway Islands	PRESENT	2	e2e717bf-551a-4917-bdc9-4fa0f342c530	25.77913	-171.73299							2012-09-19T00:00:00	19	9	2012	5231335	5231335	HUMAN_OBSERVATION	CLO	EBIRD	OBS664615708				CC_BY_4_0		obsr47826			2021-09-25T19:44:48.670Z		COUNTRY_DERIVED_FROM_COORDINATES
2191512600	4fa7b334-ce0d-4e88-aaae-2e0c138d049e	URN:catalog:CLO:EBIRD:OBS663313784	Animalia	Chordata	Aves	Passeriformes	Acrocephalidae	Acrocephalus	Acrocephalus schoenobaenus		SPECIES	Acrocephalus schoenobaenus (Linnaeus, 1758)	Acrocephalus schoenobaenus		US	Gambell (general area)	Alaska	PRESENT	1	e2e717bf-551a-4917-bdc9-4fa0f342c530	63.7793	-171.72145							2018-10-04T00:00:00	4	10	2018	2493129	2493129	HUMAN_OBSERVATION	CLO	EBIRD	OBS663313784				CC_BY_4_0		obsr50748			2021-09-25T18:34:48.829Z		
2190166609	4fa7b334-ce0d-4e88-aaae-2e0c138d049e	URN:catalog:CLO:EBIRD:OBS643783318	Animalia	Chordata	Aves	Passeriformes	Acrocephalidae	Iduna	Iduna aedon		SPECIES	Arundinax aedon (Pallas, 1776)	Arundinax aedon		US	Gambell (general area)	Alaska	PRESENT	1	e2e717bf-551a-4917-bdc9-4fa0f342c530	63.7793	-171.72145							2017-09-08T00:00:00	8	9	2017	9793968	6101024	HUMAN_OBSERVATION	CLO	EBIRD	OBS643783318				CC_BY_4_0		obsr949865			2021-09-25T18:32:29.180Z		
2186198126	4fa7b334-ce0d-4e88-aaae-2e0c138d049e	URN:catalog:CLO:EBIRD:OBS643783908	Animalia	Chordata	Aves	Passeriformes	Acrocephalidae	Iduna	Iduna aedon		SPECIES	Arundinax aedon (Pallas, 1776)	Arundinax aedon		US	Gambell (general area)	Alaska	PRESENT	1	e2e717bf-551a-4917-bdc9-4fa0f342c530	63.7793	-171.72145							2017-09-09T00:00:00	9	9	2017	9793968	6101024	HUMAN_OBSERVATION	CLO	EBIRD	OBS643783908				CC_BY_4_0		obsr949865			2021-09-25T18:28:27.994Z		
2185893274	4fa7b334-ce0d-4e88-aaae-2e0c138d049e	URN:catalog:CLO:EBIRD:OBS643448456	Animalia	Chordata	Aves	Passeriformes	Acrocephalidae	Iduna	Iduna aedon		SPECIES	Arundinax aedon (Pallas, 1776)	Arundinax aedon		US	Gambell (general area)	Alaska	PRESENT	1	e2e717bf-551a-4917-bdc9-4fa0f342c530	63.7793	-171.72145							2017-09-08T00:00:00	8	9	2017	9793968	6101024	HUMAN_OBSERVATION	CLO	EBIRD	OBS643448456				CC_BY_4_0		obsr949865			2021-09-25T19:59:18.748Z		
2134248087	4fa7b334-ce0d-4e88-aaae-2e0c138d049e	URN:catalog:CLO:EBIRD:OBS586915034	Animalia	Chordata	Aves	Passeriformes	Acrocephalidae	Acrocephalus	Acrocephalus dumetorum		SPECIES	Acrocephalus dumetorum Blyth, 1849	Acrocephalus dumetorum		US	Gambell (general area)	Alaska	PRESENT	1	e2e717bf-551a-4917-bdc9-4fa0f342c530	63.7793	-171.72145							2015-09-18T00:00:00	18	9	2015	2493145	2493145	HUMAN_OBSERVATION	CLO	EBIRD	OBS586915034				CC_BY_4_0		obsr843828			2021-09-25T18:30:12.416Z		
2132923791	4fa7b334-ce0d-4e88-aaae-2e0c138d049e	URN:catalog:CLO:EBIRD:OBS585149107	Animalia	Chordata	Aves	Passeriformes	Acrocephalidae	Acrocephalus	Acrocephalus familiaris		SPECIES	Acrocephalus familiaris (Rothschild, 1892)	Acrocephalus familiaris		US	Island Perimeter	Midway Islands	PRESENT	1	e2e717bf-551a-4917-bdc9-4fa0f342c530	25.77444	-171.73975							2011-10-26T00:00:00	26	10	2011	5231335	5231335	HUMAN_OBSERVATION	CLO	EBIRD	OBS585149107				CC_BY_4_0		obsr310332			2021-09-25T19:52:41.033Z		COUNTRY_DERIVED_FROM_COORDINATES
2115947612	4fa7b334-ce0d-4e88-aaae-2e0c138d049e	URN:catalog:CLO:EBIRD:OBS562229879	Animalia	Chordata	Aves	Passeriformes	Acrocephalidae	Iduna	Iduna aedon		SPECIES	Arundinax aedon (Pallas, 1776)	Arundinax aedon		US	Gambell (general area)	Alaska	PRESENT	1	e2e717bf-551a-4917-bdc9-4fa0f342c530	63.7793	-171.72145							2017-09-13T00:00:00	13	9	2017	9793968	6101024	HUMAN_OBSERVATION	CLO	EBIRD	OBS562229879				CC_BY_4_0		obsr289931			2021-09-25T19:48:45.987Z		
2105775866	4fa7b334-ce0d-4e88-aaae-2e0c138d049e	URN:catalog:CLO:EBIRD:OBS549866256	Animalia	Chordata	Aves	Passeriformes	Acrocephalidae	Iduna	Iduna aedon		SPECIES	Arundinax aedon (Pallas, 1776)	Arundinax aedon		US	Gambell (general area)	Alaska	PRESENT	1	e2e717bf-551a-4917-bdc9-4fa0f342c530	63.7793	-171.72145							2017-09-09T00:00:00	9	9	2017	9793968	6101024	HUMAN_OBSERVATION	CLO	EBIRD	OBS549866256				CC_BY_4_0		obsr616692			2021-09-25T19:50:11.991Z		
2104951104	4fa7b334-ce0d-4e88-aaae-2e0c138d049e	URN:catalog:CLO:EBIRD:OBS549866131	Animalia	Chordata	Aves	Passeriformes	Acrocephalidae	Iduna	Iduna aedon		SPECIES	Arundinax aedon (Pallas, 1776)	Arundinax aedon		US	Gambell (general area)	Alaska	PRESENT	1	e2e717bf-551a-4917-bdc9-4fa0f342c530	63.7793	-171.72145							2017-09-13T00:00:00	13	9	2017	9793968	6101024	HUMAN_OBSERVATION	CLO	EBIRD	OBS549866131				CC_BY_4_0		obsr616692			2021-09-25T18:24:42.797Z		
2099585352	4fa7b334-ce0d-4e88-aaae-2e0c138d049e	URN:catalog:CLO:EBIRD:OBS533864798	Animalia	Chordata	Aves	Passeriformes	Acrocephalidae	Iduna	Iduna aedon		SPECIES	Arundinax aedon (Pallas, 1776)	Arundinax aedon		US	Gambell (general area)	Alaska	PRESENT	1	e2e717bf-551a-4917-bdc9-4fa0f342c530	63.7793	-171.72145							2017-09-09T00:00:00	9	9	2017	9793968	6101024	HUMAN_OBSERVATION	CLO	EBIRD	OBS533864798				CC_BY_4_0		obsr245294			2021-09-25T19:34:21.334Z		
2098771716	4fa7b334-ce0d-4e88-aaae-2e0c138d049e	URN:catalog:CLO:EBIRD:OBS532986453	Animalia	Chordata	Aves	Passeriformes	Acrocephalidae	Iduna	Iduna aedon		SPECIES	Arundinax aedon (Pallas, 1776)	Arundinax aedon		US	Gambell (general area)	Alaska	PRESENT	1	e2e717bf-551a-4917-bdc9-4fa0f342c530	63.7793	-171.72145							2017-09-10T00:00:00	10	9	2017	9793968	6101024	HUMAN_OBSERVATION	CLO	EBIRD	OBS532986453				CC_BY_4_0		obsr209998			2021-09-25T18:25:42.093Z		
2098510679	4fa7b334-ce0d-4e88-aaae-2e0c138d049e	URN:catalog:CLO:EBIRD:OBS532647551	Animalia	Chordata	Aves	Passeriformes	Acrocephalidae	Iduna	Iduna aedon		SPECIES	Arundinax aedon (Pallas, 1776)	Arundinax aedon		US	Gambell (general area)	Alaska	PRESENT	1	e2e717bf-551a-4917-bdc9-4fa0f342c530	63.7793	-171.72145							2017-09-11T00:00:00	11	9	2017	9793968	6101024	HUMAN_OBSERVATION	CLO	EBIRD	OBS532647551				CC_BY_4_0		obsr429352			2021-09-25T19:36:16.913Z		
2098377570	4fa7b334-ce0d-4e88-aaae-2e0c138d049e	URN:catalog:CLO:EBIRD:OBS532489374	Animalia	Chordata	Aves	Passeriformes	Acrocephalidae	Iduna	Iduna aedon		SPECIES	Arundinax aedon (Pallas, 1776)	Arundinax aedon		US	Gambell (general area)	Alaska	PRESENT	1	e2e717bf-551a-4917-bdc9-4fa0f342c530	63.7793	-171.72145							2017-09-12T00:00:00	12	9	2017	9793968	6101024	HUMAN_OBSERVATION	CLO	EBIRD	OBS532489374				CC_BY_4_0		obsr50748			2021-09-25T19:39:56.924Z		
2098204736	4fa7b334-ce0d-4e88-aaae-2e0c138d049e	URN:catalog:CLO:EBIRD:OBS532264659	Animalia	Chordata	Aves	Passeriformes	Acrocephalidae	Iduna	Iduna aedon		SPECIES	Arundinax aedon (Pallas, 1776)	Arundinax aedon		US	Gambell (general area)	Alaska	PRESENT	1	e2e717bf-551a-4917-bdc9-4fa0f342c530	63.7793	-171.72145							2017-09-08T00:00:00	8	9	2017	9793968	6101024	HUMAN_OBSERVATION	CLO	EBIRD	OBS532264659				CC_BY_4_0		obsr508881			2021-09-25T20:25:51.918Z		
2097856709	4fa7b334-ce0d-4e88-aaae-2e0c138d049e	URN:catalog:CLO:EBIRD:OBS531971871	Animalia	Chordata	Aves	Passeriformes	Acrocephalidae	Iduna	Iduna aedon		SPECIES	Arundinax aedon (Pallas, 1776)	Arundinax aedon		US	Gambell (general area)	Alaska	PRESENT	1	e2e717bf-551a-4917-bdc9-4fa0f342c530	63.7793	-171.72145							2017-09-09T00:00:00	9	9	2017	9793968	6101024	HUMAN_OBSERVATION	CLO	EBIRD	OBS531971871				CC_BY_4_0		obsr183223			2021-09-25T18:22:49.829Z		
2097700298	4fa7b334-ce0d-4e88-aaae-2e0c138d049e	URN:catalog:CLO:EBIRD:OBS531730582	Animalia	Chordata	Aves	Passeriformes	Acrocephalidae	Iduna	Iduna aedon		SPECIES	Arundinax aedon (Pallas, 1776)	Arundinax aedon		US	Gambell (general area)	Alaska	PRESENT	1	e2e717bf-551a-4917-bdc9-4fa0f342c530	63.7793	-171.72145							2017-09-09T00:00:00	9	9	2017	9793968	6101024	HUMAN_OBSERVATION	CLO	EBIRD	OBS531730582				CC_BY_4_0		obsr209998			2021-09-25T19:50:27.360Z		
2097665171	4fa7b334-ce0d-4e88-aaae-2e0c138d049e	URN:catalog:CLO:EBIRD:OBS531687939	Animalia	Chordata	Aves	Passeriformes	Acrocephalidae	Iduna	Iduna aedon		SPECIES	Arundinax aedon (Pallas, 1776)	Arundinax aedon		US	Gambell (general area)	Alaska	PRESENT	1	e2e717bf-551a-4917-bdc9-4fa0f342c530	63.7793	-171.72145							2017-09-08T00:00:00	8	9	2017	9793968	6101024	HUMAN_OBSERVATION	CLO	EBIRD	OBS531687939				CC_BY_4_0		obsr611141			2021-09-25T19:47:02.792Z		
2097257019	4fa7b334-ce0d-4e88-aaae-2e0c138d049e	URN:catalog:CLO:EBIRD:OBS531297453	Animalia	Chordata	Aves	Passeriformes	Acrocephalidae	Iduna	Iduna aedon		SPECIES	Arundinax aedon (Pallas, 1776)	Arundinax aedon		US	Gambell (general area)	Alaska	PRESENT	1	e2e717bf-551a-4917-bdc9-4fa0f342c530	63.7793	-171.72145							2017-09-08T00:00:00	8	9	2017	9793968	6101024	HUMAN_OBSERVATION	CLO	EBIRD	OBS531297453				CC_BY_4_0		obsr209998			2021-09-25T18:25:55.654Z		
2093259054	4fa7b334-ce0d-4e88-aaae-2e0c138d049e	URN:catalog:CLO:EBIRD:OBS533865851	Animalia	Chordata	Aves	Passeriformes	Acrocephalidae	Iduna	Iduna aedon		SPECIES	Arundinax aedon (Pallas, 1776)	Arundinax aedon		US	Gambell (general area)	Alaska	PRESENT	1	e2e717bf-551a-4917-bdc9-4fa0f342c530	63.7793	-171.72145							2017-09-09T00:00:00	9	9	2017	9793968	6101024	HUMAN_OBSERVATION	CLO	EBIRD	OBS533865851				CC_BY_4_0		obsr508881			2021-09-25T18:27:26.491Z		
2093088280	4fa7b334-ce0d-4e88-aaae-2e0c138d049e	URN:catalog:CLO:EBIRD:OBS534379151	Animalia	Chordata	Aves	Passeriformes	Acrocephalidae	Iduna	Iduna aedon		SPECIES	Arundinax aedon (Pallas, 1776)	Arundinax aedon		US	Gambell (general area)	Alaska	PRESENT	1	e2e717bf-551a-4917-bdc9-4fa0f342c530	63.7793	-171.72145							2017-09-08T00:00:00	8	9	2017	9793968	6101024	HUMAN_OBSERVATION	CLO	EBIRD	OBS534379151				CC_BY_4_0		obsr197258			2021-09-25T18:27:10.896Z		
2092770678	4fa7b334-ce0d-4e88-aaae-2e0c138d049e	URN:catalog:CLO:EBIRD:OBS533865905	Animalia	Chordata	Aves	Passeriformes	Acrocephalidae	Iduna	Iduna aedon		SPECIES	Arundinax aedon (Pallas, 1776)	Arundinax aedon		US	Gambell (general area)	Alaska	PRESENT	1	e2e717bf-551a-4917-bdc9-4fa0f342c530	63.7793	-171.72145							2017-09-08T00:00:00	8	9	2017	9793968	6101024	HUMAN_OBSERVATION	CLO	EBIRD	OBS533865905				CC_BY_4_0		obsr508881			2021-09-25T18:24:53.730Z		
2092427235	4fa7b334-ce0d-4e88-aaae-2e0c138d049e	URN:catalog:CLO:EBIRD:OBS532705921	Animalia	Chordata	Aves	Passeriformes	Acrocephalidae	Iduna	Iduna aedon		SPECIES	Arundinax aedon (Pallas, 1776)	Arundinax aedon		US	Gambell (general area)	Alaska	PRESENT	1	e2e717bf-551a-4917-bdc9-4fa0f342c530	63.7793	-171.72145							2017-09-13T00:00:00	13	9	2017	9793968	6101024	HUMAN_OBSERVATION	CLO	EBIRD	OBS532705921				CC_BY_4_0		obsr50748			2021-09-25T18:24:48.776Z		
2092385918	4fa7b334-ce0d-4e88-aaae-2e0c138d049e	URN:catalog:CLO:EBIRD:OBS532647418	Animalia	Chordata	Aves	Passeriformes	Acrocephalidae	Iduna	Iduna aedon		SPECIES	Arundinax aedon (Pallas, 1776)	Arundinax aedon		US	Gambell (general area)	Alaska	PRESENT	1	e2e717bf-551a-4917-bdc9-4fa0f342c530	63.7793	-171.72145							2017-09-10T00:00:00	10	9	2017	9793968	6101024	HUMAN_OBSERVATION	CLO	EBIRD	OBS532647418				CC_BY_4_0		obsr429352			2021-09-25T18:26:12.418Z		
2092375727	4fa7b334-ce0d-4e88-aaae-2e0c138d049e	URN:catalog:CLO:EBIRD:OBS532648214	Animalia	Chordata	Aves	Passeriformes	Acrocephalidae	Iduna	Iduna aedon		SPECIES	Arundinax aedon (Pallas, 1776)	Arundinax aedon		US	Gambell (general area)	Alaska	PRESENT	1	e2e717bf-551a-4917-bdc9-4fa0f342c530	63.7793	-171.72145							2017-09-10T00:00:00	10	9	2017	9793968	6101024	HUMAN_OBSERVATION	CLO	EBIRD	OBS532648214				CC_BY_4_0		obsr611141			2021-09-25T19:48:05.515Z		
2091956211	4fa7b334-ce0d-4e88-aaae-2e0c138d049e	URN:catalog:CLO:EBIRD:OBS532648131	Animalia	Chordata	Aves	Passeriformes	Acrocephalidae	Iduna	Iduna aedon		SPECIES	Arundinax aedon (Pallas, 1776)	Arundinax aedon		US	Gambell (general area)	Alaska	PRESENT	1	e2e717bf-551a-4917-bdc9-4fa0f342c530	63.7793	-171.72145							2017-09-11T00:00:00	11	9	2017	9793968	6101024	HUMAN_OBSERVATION	CLO	EBIRD	OBS532648131				CC_BY_4_0		obsr611141			2021-09-25T19:36:04.781Z		
2091803652	4fa7b334-ce0d-4e88-aaae-2e0c138d049e	URN:catalog:CLO:EBIRD:OBS532042734	Animalia	Chordata	Aves	Passeriformes	Acrocephalidae	Iduna	Iduna aedon		SPECIES	Arundinax aedon (Pallas, 1776)	Arundinax aedon		US	Gambell (general area)	Alaska	PRESENT	1	e2e717bf-551a-4917-bdc9-4fa0f342c530	63.7793	-171.72145							2017-09-10T00:00:00	10	9	2017	9793968	6101024	HUMAN_OBSERVATION	CLO	EBIRD	OBS532042734				CC_BY_4_0		obsr50748			2021-09-25T19:50:10.219Z		
2091559387	4fa7b334-ce0d-4e88-aaae-2e0c138d049e	URN:catalog:CLO:EBIRD:OBS531741586	Animalia	Chordata	Aves	Passeriformes	Acrocephalidae	Iduna	Iduna aedon		SPECIES	Arundinax aedon (Pallas, 1776)	Arundinax aedon		US	Gambell (general area)	Alaska	PRESENT	1	e2e717bf-551a-4917-bdc9-4fa0f342c530	63.7793	-171.72145							2017-09-09T00:00:00	9	9	2017	9793968	6101024	HUMAN_OBSERVATION	CLO	EBIRD	OBS531741586				CC_BY_4_0		obsr50748			2021-09-25T19:46:20.451Z		
2091489518	4fa7b334-ce0d-4e88-aaae-2e0c138d049e	URN:catalog:CLO:EBIRD:OBS531679934	Animalia	Chordata	Aves	Passeriformes	Acrocephalidae	Iduna	Iduna aedon		SPECIES	Arundinax aedon (Pallas, 1776)	Arundinax aedon		US	Gambell (general area)	Alaska	PRESENT	1	e2e717bf-551a-4917-bdc9-4fa0f342c530	63.7793	-171.72145							2017-09-08T00:00:00	8	9	2017	9793968	6101024	HUMAN_OBSERVATION	CLO	EBIRD	OBS531679934				CC_BY_4_0		obsr429352			2021-09-25T19:39:24.612Z		
2091133928	4fa7b334-ce0d-4e88-aaae-2e0c138d049e	URN:catalog:CLO:EBIRD:OBS531737154	Animalia	Chordata	Aves	Passeriformes	Acrocephalidae	Iduna	Iduna aedon		SPECIES	Arundinax aedon (Pallas, 1776)	Arundinax aedon		US	Gambell (general area)	Alaska	PRESENT	1	e2e717bf-551a-4917-bdc9-4fa0f342c530	63.7793	-171.72145							2017-09-08T00:00:00	8	9	2017	9793968	6101024	HUMAN_OBSERVATION	CLO	EBIRD	OBS531737154				CC_BY_4_0		obsr50748			2021-09-25T18:25:47.917Z		
2091087626	4fa7b334-ce0d-4e88-aaae-2e0c138d049e	URN:catalog:CLO:EBIRD:OBS531687259	Animalia	Chordata	Aves	Passeriformes	Acrocephalidae	Iduna	Iduna aedon		SPECIES	Arundinax aedon (Pallas, 1776)	Arundinax aedon		US	Gambell (general area)	Alaska	PRESENT	1	e2e717bf-551a-4917-bdc9-4fa0f342c530	63.7793	-171.72145							2017-09-09T00:00:00	9	9	2017	9793968	6101024	HUMAN_OBSERVATION	CLO	EBIRD	OBS531687259				CC_BY_4_0		obsr611141			2021-09-25T18:24:02.271Z		
2091085219	4fa7b334-ce0d-4e88-aaae-2e0c138d049e	URN:catalog:CLO:EBIRD:OBS531680048	Animalia	Chordata	Aves	Passeriformes	Acrocephalidae	Iduna	Iduna aedon		SPECIES	Arundinax aedon (Pallas, 1776)	Arundinax aedon		US	Gambell (general area)	Alaska	PRESENT	1	e2e717bf-551a-4917-bdc9-4fa0f342c530	63.7793	-171.72145							2017-09-09T00:00:00	9	9	2017	9793968	6101024	HUMAN_OBSERVATION	CLO	EBIRD	OBS531680048				CC_BY_4_0		obsr429352			2021-09-25T19:35:34.661Z		
2090650689	4fa7b334-ce0d-4e88-aaae-2e0c138d049e	URN:catalog:CLO:EBIRD:OBS531298575	Animalia	Chordata	Aves	Passeriformes	Acrocephalidae	Iduna	Iduna aedon		SPECIES	Arundinax aedon (Pallas, 1776)	Arundinax aedon		US	Gambell (general area)	Alaska	PRESENT	1	e2e717bf-551a-4917-bdc9-4fa0f342c530	63.7793	-171.72145							2017-09-08T00:00:00	8	9	2017	9793968	6101024	HUMAN_OBSERVATION	CLO	EBIRD	OBS531298575				CC_BY_4_0		obsr183223			2021-09-25T18:27:05.593Z		
2081533161	4fa7b334-ce0d-4e88-aaae-2e0c138d049e	URN:catalog:CLO:EBIRD:OBS534283586	Animalia	Chordata	Aves	Passeriformes	Acrocephalidae	Acrocephalus	Acrocephalus familiaris		SPECIES	Acrocephalus familiaris (Rothschild, 1892)	Acrocephalus familiaris		US	Laysan Island--North	Midway Islands	PRESENT	2	e2e717bf-551a-4917-bdc9-4fa0f342c530	25.776243	-171.73384							2017-08-21T00:00:00	21	8	2017	5231335	5231335	HUMAN_OBSERVATION	CLO	EBIRD	OBS534283586				CC_BY_4_0		obsr517228			2021-09-25T19:44:58.437Z		COUNTRY_DERIVED_FROM_COORDINATES
2080851174	4fa7b334-ce0d-4e88-aaae-2e0c138d049e	URN:catalog:CLO:EBIRD:OBS532989239	Animalia	Chordata	Aves	Passeriformes	Acrocephalidae	Iduna	Iduna aedon		SPECIES	Arundinax aedon (Pallas, 1776)	Arundinax aedon		US	Gambell (general area)	Alaska	PRESENT	1	e2e717bf-551a-4917-bdc9-4fa0f342c530	63.7793	-171.72145							2017-09-11T00:00:00	11	9	2017	9793968	6101024	HUMAN_OBSERVATION	CLO	EBIRD	OBS532989239				CC_BY_4_0		obsr209998			2021-09-25T18:20:56.779Z		
2080541231	4fa7b334-ce0d-4e88-aaae-2e0c138d049e	URN:catalog:CLO:EBIRD:OBS532647629	Animalia	Chordata	Aves	Passeriformes	Acrocephalidae	Iduna	Iduna aedon		SPECIES	Arundinax aedon (Pallas, 1776)	Arundinax aedon		US	Gambell (general area)	Alaska	PRESENT	1	e2e717bf-551a-4917-bdc9-4fa0f342c530	63.7793	-171.72145							2017-09-12T00:00:00	12	9	2017	9793968	6101024	HUMAN_OBSERVATION	CLO	EBIRD	OBS532647629				CC_BY_4_0		obsr429352			2021-09-25T19:47:17.734Z		
2080528579	4fa7b334-ce0d-4e88-aaae-2e0c138d049e	URN:catalog:CLO:EBIRD:OBS532648093	Animalia	Chordata	Aves	Passeriformes	Acrocephalidae	Iduna	Iduna aedon		SPECIES	Arundinax aedon (Pallas, 1776)	Arundinax aedon		US	Gambell (general area)	Alaska	PRESENT	1	e2e717bf-551a-4917-bdc9-4fa0f342c530	63.7793	-171.72145							2017-09-12T00:00:00	12	9	2017	9793968	6101024	HUMAN_OBSERVATION	CLO	EBIRD	OBS532648093				CC_BY_4_0		obsr611141			2021-09-25T19:36:56.112Z		
2080294912	4fa7b334-ce0d-4e88-aaae-2e0c138d049e	URN:catalog:CLO:EBIRD:OBS532304892	Animalia	Chordata	Aves	Passeriformes	Acrocephalidae	Iduna	Iduna aedon		SPECIES	Arundinax aedon (Pallas, 1776)	Arundinax aedon		US	Gambell (general area)	Alaska	PRESENT	1	e2e717bf-551a-4917-bdc9-4fa0f342c530	63.7793	-171.72145							2017-09-08T00:00:00	8	9	2017	9793968	6101024	HUMAN_OBSERVATION	CLO	EBIRD	OBS532304892				CC_BY_4_0		obsr245294			2021-09-25T19:39:14.124Z		
2080248393	4fa7b334-ce0d-4e88-aaae-2e0c138d049e	URN:catalog:CLO:EBIRD:OBS532253710	Animalia	Chordata	Aves	Passeriformes	Acrocephalidae	Iduna	Iduna aedon		SPECIES	Arundinax aedon (Pallas, 1776)	Arundinax aedon		US	Gambell (general area)	Alaska	PRESENT	1	e2e717bf-551a-4917-bdc9-4fa0f342c530	63.7793	-171.72145							2017-09-11T00:00:00	11	9	2017	9793968	6101024	HUMAN_OBSERVATION	CLO	EBIRD	OBS532253710				CC_BY_4_0		obsr50748			2021-09-25T18:23:33.477Z		
1776359096	4fa7b334-ce0d-4e88-aaae-2e0c138d049e	URN:catalog:CLO:EBIRD:OBS446427475	Animalia	Chordata	Aves	Passeriformes	Acrocephalidae	Acrocephalus	Acrocephalus familiaris		SPECIES	Acrocephalus familiaris (Rothschild, 1892)	Acrocephalus familiaris		US	23.0599x-161.9234 - Aug 4, 2016, 12:08 PM	Hawaii	PRESENT	2	e2e717bf-551a-4917-bdc9-4fa0f342c530	23.059881	-161.92343							2016-08-22T00:00:00	22	8	2016	5231335	5231335	HUMAN_OBSERVATION	CLO	EBIRD	OBS446427475				CC_BY_4_0		obsr47826			2021-09-25T19:28:18.175Z		
1757008724	4fa7b334-ce0d-4e88-aaae-2e0c138d049e	URN:catalog:CLO:EBIRD:OBS425073849	Animalia	Chordata	Aves	Passeriformes	Acrocephalidae	Acrocephalus	Acrocephalus familiaris		SPECIES	Acrocephalus familiaris (Rothschild, 1892)	Acrocephalus familiaris		US	25.7756x-171.7331 - Aug 17, 2016, 9:17 AM	Midway Islands	PRESENT	3	e2e717bf-551a-4917-bdc9-4fa0f342c530	25.775566	-171.73312							2016-08-17T00:00:00	17	8	2016	5231335	5231335	HUMAN_OBSERVATION	CLO	EBIRD	OBS425073849				CC_BY_4_0		obsr47826			2021-09-25T18:14:20.114Z		COUNTRY_DERIVED_FROM_COORDINATES
1754607600	4fa7b334-ce0d-4e88-aaae-2e0c138d049e	URN:catalog:CLO:EBIRD:OBS422433830	Animalia	Chordata	Aves	Passeriformes	Acrocephalidae	Acrocephalus	Acrocephalus familiaris		SPECIES	Acrocephalus familiaris (Rothschild, 1892)	Acrocephalus familiaris		US	23.0599x-161.9234 - Aug 4, 2016, 12:08 PM	Hawaii	PRESENT	4	e2e717bf-551a-4917-bdc9-4fa0f342c530	23.059881	-161.92343							2016-08-04T00:00:00	4	8	2016	5231335	5231335	HUMAN_OBSERVATION	CLO	EBIRD	OBS422433830				CC_BY_4_0		obsr47826			2021-09-25T18:18:03.958Z		
1736738559	4fa7b334-ce0d-4e88-aaae-2e0c138d049e	URN:catalog:CLO:EBIRD:OBS401807614	Animalia	Chordata	Aves	Passeriformes	Acrocephalidae	Acrocephalus	Acrocephalus familiaris		SPECIES	Acrocephalus familiaris (Rothschild, 1892)	Acrocephalus familiaris		US	Shade house naupaka	Midway Islands	PRESENT		e2e717bf-551a-4917-bdc9-4fa0f342c530	25.77913	-171.73299							2012-02-19T00:00:00	19	2	2012	5231335	5231335	HUMAN_OBSERVATION	CLO	EBIRD	OBS401807614				CC_BY_4_0		obsr57052			2021-09-25T18:16:06.681Z		COUNTRY_DERIVED_FROM_COORDINATES
1410800481	4fa7b334-ce0d-4e88-aaae-2e0c138d049e	URN:catalog:CLO:EBIRD:OBS401808945	Animalia	Chordata	Aves	Passeriformes	Acrocephalidae	Acrocephalus	Acrocephalus familiaris		SPECIES	Acrocephalus familiaris (Rothschild, 1892)	Acrocephalus familiaris		US	Shade house naupaka	Midway Islands	PRESENT		e2e717bf-551a-4917-bdc9-4fa0f342c530	25.77913	-171.73299							2012-02-20T00:00:00	20	2	2012	5231335	5231335	HUMAN_OBSERVATION	CLO	EBIRD	OBS401808945				CC_BY_4_0		obsr57052			2021-09-25T19:38:32.935Z		COUNTRY_DERIVED_FROM_COORDINATES
1410181272	4fa7b334-ce0d-4e88-aaae-2e0c138d049e	URN:catalog:CLO:EBIRD:OBS391849090	Animalia	Chordata	Aves	Passeriformes	Acrocephalidae	Acrocephalus	Acrocephalus familiaris		SPECIES	Acrocephalus familiaris (Rothschild, 1892)	Acrocephalus familiaris		US	Nihoa Island	Hawaii	PRESENT		e2e717bf-551a-4917-bdc9-4fa0f342c530	23.06007	-161.92212							2011-09-10T00:00:00	10	9	2011	5231335	5231335	HUMAN_OBSERVATION	CLO	EBIRD	OBS391849090				CC_BY_4_0		obsr7948			2021-09-25T18:12:35.419Z		
1410179491	4fa7b334-ce0d-4e88-aaae-2e0c138d049e	URN:catalog:CLO:EBIRD:OBS391841540	Animalia	Chordata	Aves	Passeriformes	Acrocephalidae	Acrocephalus	Acrocephalus familiaris		SPECIES	Acrocephalus familiaris (Rothschild, 1892)	Acrocephalus familiaris		US	Nihoa Island	Hawaii	PRESENT		e2e717bf-551a-4917-bdc9-4fa0f342c530	23.06007	-161.92212							2011-09-08T00:00:00	8	9	2011	5231335	5231335	HUMAN_OBSERVATION	CLO	EBIRD	OBS391841540				CC_BY_4_0		obsr7948			2021-09-25T19:24:14.032Z		
1410172284	4fa7b334-ce0d-4e88-aaae-2e0c138d049e	URN:catalog:CLO:EBIRD:OBS391909969	Animalia	Chordata	Aves	Passeriformes	Acrocephalidae	Acrocephalus	Acrocephalus familiaris		SPECIES	Acrocephalus familiaris (Rothschild, 1892)	Acrocephalus familiaris		US	Nihoa Island	Hawaii	PRESENT		e2e717bf-551a-4917-bdc9-4fa0f342c530	23.06007	-161.92212							2011-09-12T00:00:00	12	9	2011	5231335	5231335	HUMAN_OBSERVATION	CLO	EBIRD	OBS391909969				CC_BY_4_0		obsr7948			2021-09-25T18:14:26.067Z		
1410170791	4fa7b334-ce0d-4e88-aaae-2e0c138d049e	URN:catalog:CLO:EBIRD:OBS391836754	Animalia	Chordata	Aves	Passeriformes	Acrocephalidae	Acrocephalus	Acrocephalus familiaris		SPECIES	Acrocephalus familiaris (Rothschild, 1892)	Acrocephalus familiaris		US	Nihoa Island	Hawaii	PRESENT		e2e717bf-551a-4917-bdc9-4fa0f342c530	23.06007	-161.92212							2011-09-05T00:00:00	5	9	2011	5231335	5231335	HUMAN_OBSERVATION	CLO	EBIRD	OBS391836754				CC_BY_4_0		obsr7948			2021-09-25T19:37:55.369Z		
1388457388	4fa7b334-ce0d-4e88-aaae-2e0c138d049e	URN:catalog:CLO:EBIRD:OBS343864510	Animalia	Chordata	Aves	Passeriformes	Acrocephalidae	Acrocephalus	Acrocephalus dumetorum		SPECIES	Acrocephalus dumetorum Blyth, 1849	Acrocephalus dumetorum		US	Gambell (general area)	Alaska	PRESENT	1	e2e717bf-551a-4917-bdc9-4fa0f342c530	63.7793	-171.72145							2015-09-21T00:00:00	21	9	2015	2493145	2493145	HUMAN_OBSERVATION	CLO	EBIRD	OBS343864510				CC_BY_4_0		obsr50748			2021-09-25T19:34:53.668Z		
1388291792	4fa7b334-ce0d-4e88-aaae-2e0c138d049e	URN:catalog:CLO:EBIRD:OBS343685234	Animalia	Chordata	Aves	Passeriformes	Acrocephalidae	Acrocephalus	Acrocephalus dumetorum		SPECIES	Acrocephalus dumetorum Blyth, 1849	Acrocephalus dumetorum		US	Gambell (general area)	Alaska	PRESENT	1	e2e717bf-551a-4917-bdc9-4fa0f342c530	63.7793	-171.72145							2015-09-20T00:00:00	20	9	2015	2493145	2493145	HUMAN_OBSERVATION	CLO	EBIRD	OBS343685234				CC_BY_4_0		obsr50748			2021-09-25T19:22:27.868Z		
1387947194	4fa7b334-ce0d-4e88-aaae-2e0c138d049e	URN:catalog:CLO:EBIRD:OBS343302291	Animalia	Chordata	Aves	Passeriformes	Acrocephalidae	Acrocephalus	Acrocephalus dumetorum		SPECIES	Acrocephalus dumetorum Blyth, 1849	Acrocephalus dumetorum		US	Gambell (general area)	Alaska	PRESENT	1	e2e717bf-551a-4917-bdc9-4fa0f342c530	63.7793	-171.72145							2015-09-19T00:00:00	19	9	2015	2493145	2493145	HUMAN_OBSERVATION	CLO	EBIRD	OBS343302291				CC_BY_4_0		obsr50748			2021-09-25T18:11:44.083Z		
1387600745	4fa7b334-ce0d-4e88-aaae-2e0c138d049e	URN:catalog:CLO:EBIRD:OBS343074078	Animalia	Chordata	Aves	Passeriformes	Acrocephalidae	Acrocephalus	Acrocephalus dumetorum		SPECIES	Acrocephalus dumetorum Blyth, 1849	Acrocephalus dumetorum		US	Gambell (general area)	Alaska	PRESENT	1	e2e717bf-551a-4917-bdc9-4fa0f342c530	63.7793	-171.72145							2015-09-18T00:00:00	18	9	2015	2493145	2493145	HUMAN_OBSERVATION	CLO	EBIRD	OBS343074078				CC_BY_4_0		obsr50748			2021-09-25T18:10:02.226Z		
1205690587	4fa7b334-ce0d-4e88-aaae-2e0c138d049e	URN:catalog:CLO:EBIRD:OBS318849504	Animalia	Chordata	Aves	Passeriformes	Acrocephalidae	Acrocephalus	Acrocephalus familiaris		SPECIES	Acrocephalus familiaris (Rothschild, 1892)	Acrocephalus familiaris		US	Laysan Island	Midway Islands	PRESENT	1	e2e717bf-551a-4917-bdc9-4fa0f342c530	25.76885	-171.73312							2013-09-15T00:00:00	15	9	2013	5231335	5231335	HUMAN_OBSERVATION	CLO	EBIRD	OBS318849504				CC_BY_4_0		obsr309331			2021-09-25T19:19:11.363Z		COUNTRY_DERIVED_FROM_COORDINATES
1183268621	4fa7b334-ce0d-4e88-aaae-2e0c138d049e	URN:catalog:CLO:EBIRD:OBS267022775	Animalia	Chordata	Aves	Passeriformes	Acrocephalidae	Acrocephalus	Acrocephalus familiaris		SPECIES	Acrocephalus familiaris (Rothschild, 1892)	Acrocephalus familiaris		US	25.7742x-171.7391 - Jul 28, 2014, 9:05 PM	Midway Islands	PRESENT	1	e2e717bf-551a-4917-bdc9-4fa0f342c530	25.774155	-171.73907							2014-07-28T00:00:00	28	7	2014	5231335	5231335	HUMAN_OBSERVATION	CLO	EBIRD	OBS267022775				CC_BY_4_0		obsr47826			2021-09-25T19:18:30.637Z		COUNTRY_DERIVED_FROM_COORDINATES
1183257899	4fa7b334-ce0d-4e88-aaae-2e0c138d049e	URN:catalog:CLO:EBIRD:OBS267023621	Animalia	Chordata	Aves	Passeriformes	Acrocephalidae	Acrocephalus	Acrocephalus familiaris		SPECIES	Acrocephalus familiaris (Rothschild, 1892)	Acrocephalus familiaris		US	25.7742x-171.7390 - Aug 3, 2014, 5:00 PM	Midway Islands	PRESENT	1	e2e717bf-551a-4917-bdc9-4fa0f342c530	25.774195	-171.73901							2014-08-03T00:00:00	3	8	2014	5231335	5231335	HUMAN_OBSERVATION	CLO	EBIRD	OBS267023621				CC_BY_4_0		obsr47826			2021-09-25T19:20:57.250Z		COUNTRY_DERIVED_FROM_COORDINATES
818784431	4fa7b334-ce0d-4e88-aaae-2e0c138d049e	URN:catalog:CLO:EBIRD:OBS150196040	Animalia	Chordata	Aves	Passeriformes	Acrocephalidae	Acrocephalus	Acrocephalus familiaris		SPECIES	Acrocephalus familiaris (Rothschild, 1892)	Acrocephalus familiaris		US	Laysan Island, HI	Midway Islands	PRESENT		e2e717bf-551a-4917-bdc9-4fa0f342c530	25.776892	-171.72917							2012-01-02T00:00:00	2	1	2012	5231335	5231335	HUMAN_OBSERVATION	CLO	EBIRD	OBS150196040				CC_BY_4_0		obsr307239			2021-09-25T17:59:53.771Z		COUNTRY_DERIVED_FROM_COORDINATES
818158168	4fa7b334-ce0d-4e88-aaae-2e0c138d049e	URN:catalog:CLO:EBIRD:OBS146415777	Animalia	Chordata	Aves	Passeriformes	Acrocephalidae	Acrocephalus	Acrocephalus familiaris		SPECIES	Acrocephalus familiaris (Rothschild, 1892)	Acrocephalus familiaris		US	Shade house naupaka	Midway Islands	PRESENT	1	e2e717bf-551a-4917-bdc9-4fa0f342c530	25.77913	-171.73299							2011-10-11T00:00:00	11	10	2011	5231335	5231335	HUMAN_OBSERVATION	CLO	EBIRD	OBS146415777				CC_BY_4_0		obsr47826			2021-09-25T17:59:39.032Z		COUNTRY_DERIVED_FROM_COORDINATES
818144689	4fa7b334-ce0d-4e88-aaae-2e0c138d049e	URN:catalog:CLO:EBIRD:OBS146410045	Animalia	Chordata	Aves	Passeriformes	Acrocephalidae	Acrocephalus	Acrocephalus familiaris		SPECIES	Acrocephalus familiaris (Rothschild, 1892)	Acrocephalus familiaris		US	Shade house naupaka	Midway Islands	PRESENT	7	e2e717bf-551a-4917-bdc9-4fa0f342c530	25.77913	-171.73299							2011-10-08T00:00:00	8	10	2011	5231335	5231335	HUMAN_OBSERVATION	CLO	EBIRD	OBS146410045				CC_BY_4_0		obsr57052			2021-09-25T19:08:22.677Z		COUNTRY_DERIVED_FROM_COORDINATES
818143846	4fa7b334-ce0d-4e88-aaae-2e0c138d049e	URN:catalog:CLO:EBIRD:OBS146410102	Animalia	Chordata	Aves	Passeriformes	Acrocephalidae	Acrocephalus	Acrocephalus familiaris		SPECIES	Acrocephalus familiaris (Rothschild, 1892)	Acrocephalus familiaris		US	Nihoa camp	Hawaii	PRESENT	6	e2e717bf-551a-4917-bdc9-4fa0f342c530	23.059366	-161.92294							2011-09-04T00:00:00	4	9	2011	5231335	5231335	HUMAN_OBSERVATION	CLO	EBIRD	OBS146410102				CC_BY_4_0		obsr57052			2021-09-25T19:10:52.552Z		
818142623	4fa7b334-ce0d-4e88-aaae-2e0c138d049e	URN:catalog:CLO:EBIRD:OBS146402722	Animalia	Chordata	Aves	Passeriformes	Acrocephalidae	Acrocephalus	Acrocephalus familiaris		SPECIES	Acrocephalus familiaris (Rothschild, 1892)	Acrocephalus familiaris		US	Island Perimeter	Midway Islands	PRESENT	1	e2e717bf-551a-4917-bdc9-4fa0f342c530	25.77444	-171.73975							2011-12-24T00:00:00	24	12	2011	5231335	5231335	HUMAN_OBSERVATION	CLO	EBIRD	OBS146402722				CC_BY_4_0		obsr47826			2021-09-25T19:14:21.391Z		COUNTRY_DERIVED_FROM_COORDINATES
818142007	4fa7b334-ce0d-4e88-aaae-2e0c138d049e	URN:catalog:CLO:EBIRD:OBS146416106	Animalia	Chordata	Aves	Passeriformes	Acrocephalidae	Acrocephalus	Acrocephalus familiaris		SPECIES	Acrocephalus familiaris (Rothschild, 1892)	Acrocephalus familiaris		US	Nihoa camp	Hawaii	PRESENT	6	e2e717bf-551a-4917-bdc9-4fa0f342c530	23.059366	-161.92294							2011-09-04T00:00:00	4	9	2011	5231335	5231335	HUMAN_OBSERVATION	CLO	EBIRD	OBS146416106				CC_BY_4_0		obsr47826			2021-09-25T18:00:38.386Z		
818141324	4fa7b334-ce0d-4e88-aaae-2e0c138d049e	URN:catalog:CLO:EBIRD:OBS146415847	Animalia	Chordata	Aves	Passeriformes	Acrocephalidae	Acrocephalus	Acrocephalus familiaris		SPECIES	Acrocephalus familiaris (Rothschild, 1892)	Acrocephalus familiaris		US	Shade house naupaka	Midway Islands	PRESENT	7	e2e717bf-551a-4917-bdc9-4fa0f342c530	25.77913	-171.73299							2011-10-08T00:00:00	8	10	2011	5231335	5231335	HUMAN_OBSERVATION	CLO	EBIRD	OBS146415847				CC_BY_4_0		obsr47826			2021-09-25T17:59:43.923Z		COUNTRY_DERIVED_FROM_COORDINATES
818140075	4fa7b334-ce0d-4e88-aaae-2e0c138d049e	URN:catalog:CLO:EBIRD:OBS146411477	Animalia	Chordata	Aves	Passeriformes	Acrocephalidae	Acrocephalus	Acrocephalus familiaris		SPECIES	Acrocephalus familiaris (Rothschild, 1892)	Acrocephalus familiaris		US	Shade house naupaka	Midway Islands	PRESENT	1	e2e717bf-551a-4917-bdc9-4fa0f342c530	25.77913	-171.73299							2011-10-11T00:00:00	11	10	2011	5231335	5231335	HUMAN_OBSERVATION	CLO	EBIRD	OBS146411477				CC_BY_4_0		obsr57052			2021-09-25T19:11:29.460Z		COUNTRY_DERIVED_FROM_COORDINATES
818076113	4fa7b334-ce0d-4e88-aaae-2e0c138d049e	URN:catalog:CLO:EBIRD:OBS146403494	Animalia	Chordata	Aves	Passeriformes	Acrocephalidae	Acrocephalus	Acrocephalus familiaris		SPECIES	Acrocephalus familiaris (Rothschild, 1892)	Acrocephalus familiaris		US	Nihoa camp	Hawaii	PRESENT	16	e2e717bf-551a-4917-bdc9-4fa0f342c530	23.059366	-161.92294							2011-09-05T00:00:00	5	9	2011	5231335	5231335	HUMAN_OBSERVATION	CLO	EBIRD	OBS146403494				CC_BY_4_0		obsr57052			2021-09-25T19:10:27.438Z		
818063436	4fa7b334-ce0d-4e88-aaae-2e0c138d049e	URN:catalog:CLO:EBIRD:OBS146402504	Animalia	Chordata	Aves	Passeriformes	Acrocephalidae	Acrocephalus	Acrocephalus familiaris		SPECIES	Acrocephalus familiaris (Rothschild, 1892)	Acrocephalus familiaris		US	Nihoa camp	Hawaii	PRESENT	16	e2e717bf-551a-4917-bdc9-4fa0f342c530	23.059366	-161.92294							2011-09-05T00:00:00	5	9	2011	5231335	5231335	HUMAN_OBSERVATION	CLO	EBIRD	OBS146402504				CC_BY_4_0		obsr47826			2021-09-25T17:59:27.355Z		
576115286	4fa7b334-ce0d-4e88-aaae-2e0c138d049e	URN:catalog:CLO:EBIRD:OBS113422363	Animalia	Chordata	Aves	Passeriformes	Acrocephalidae	Acrocephalus	Acrocephalus familiaris		SPECIES	Acrocephalus familiaris (Rothschild, 1892)	Acrocephalus familiaris		US	Nihoa camp	Hawaii	PRESENT	7	e2e717bf-551a-4917-bdc9-4fa0f342c530	23.059366	-161.92294							2009-09-07T00:00:00	7	9	2009	5231335	5231335	HUMAN_OBSERVATION	CLO	EBIRD	OBS113422363				CC_BY_4_0		obsr47826			2021-09-25T19:16:25.227Z		
576086009	4fa7b334-ce0d-4e88-aaae-2e0c138d049e	URN:catalog:CLO:EBIRD:OBS113423832	Animalia	Chordata	Aves	Passeriformes	Acrocephalidae	Acrocephalus	Acrocephalus familiaris		SPECIES	Acrocephalus familiaris (Rothschild, 1892)	Acrocephalus familiaris		US	Nihoa overlook	Hawaii	PRESENT	8	e2e717bf-551a-4917-bdc9-4fa0f342c530	23.06354	-161.92738							2009-09-09T00:00:00	9	9	2009	5231335	5231335	HUMAN_OBSERVATION	CLO	EBIRD	OBS113423832				CC_BY_4_0		obsr47826			2021-09-25T17:57:34.028Z		
128561899	4fa7b334-ce0d-4e88-aaae-2e0c138d049e	URN:catalog:CLO:EBIRD:OBS43731883	Animalia	Chordata	Aves	Passeriformes	Acrocephalidae	Acrocephalus	Acrocephalus schoenobaenus		SPECIES	Acrocephalus schoenobaenus (Linnaeus, 1758)	Acrocephalus schoenobaenus		US	Gambell (general area)	Alaska	PRESENT	1	e2e717bf-551a-4917-bdc9-4fa0f342c530	63.7793	-171.72145							2007-09-30T00:00:00	30	9	2007	2493129	2493129	HUMAN_OBSERVATION	CLO	EBIRD	OBS43731883				CC_BY_4_0		obsr50748			2021-09-25T19:07:16.585Z		
